--
-- PostgreSQL database dump
--

-- Dumped from database version 16.1
-- Dumped by pg_dump version 16.1

SET statement_timeout = 0;
SET lock_timeout = 0;
SET idle_in_transaction_session_timeout = 0;
SET client_encoding = 'UTF8';
SET standard_conforming_strings = on;
SELECT pg_catalog.set_config('search_path', '', false);
SET check_function_bodies = false;
SET xmloption = content;
SET client_min_messages = warning;
SET row_security = off;

SET default_tablespace = '';

SET default_table_access_method = heap;

--
-- Name: app_accounts_useraccount; Type: TABLE; Schema: public; Owner: postgres
--

CREATE TABLE public.app_accounts_useraccount (
    id bigint NOT NULL,
    password character varying(128) NOT NULL,
    last_login timestamp with time zone,
    is_superuser boolean NOT NULL,
    email character varying(255) NOT NULL,
    first_name character varying(255) NOT NULL,
    last_name character varying(255) NOT NULL,
    barangay character varying(255) NOT NULL,
    phone_number character varying(255) NOT NULL,
    job_description character varying(255) NOT NULL,
    is_active boolean NOT NULL,
    is_staff boolean NOT NULL,
    is_admin boolean NOT NULL,
    is_approved boolean NOT NULL,
    is_disabled boolean NOT NULL
);


ALTER TABLE public.app_accounts_useraccount OWNER TO postgres;

--
-- Name: app_accounts_useraccount_groups; Type: TABLE; Schema: public; Owner: postgres
--

CREATE TABLE public.app_accounts_useraccount_groups (
    id bigint NOT NULL,
    useraccount_id bigint NOT NULL,
    group_id integer NOT NULL
);


ALTER TABLE public.app_accounts_useraccount_groups OWNER TO postgres;

--
-- Name: app_accounts_useraccount_groups_id_seq; Type: SEQUENCE; Schema: public; Owner: postgres
--

ALTER TABLE public.app_accounts_useraccount_groups ALTER COLUMN id ADD GENERATED BY DEFAULT AS IDENTITY (
    SEQUENCE NAME public.app_accounts_useraccount_groups_id_seq
    START WITH 1
    INCREMENT BY 1
    NO MINVALUE
    NO MAXVALUE
    CACHE 1
);


--
-- Name: app_accounts_useraccount_id_seq; Type: SEQUENCE; Schema: public; Owner: postgres
--

ALTER TABLE public.app_accounts_useraccount ALTER COLUMN id ADD GENERATED BY DEFAULT AS IDENTITY (
    SEQUENCE NAME public.app_accounts_useraccount_id_seq
    START WITH 1
    INCREMENT BY 1
    NO MINVALUE
    NO MAXVALUE
    CACHE 1
);


--
-- Name: app_accounts_useraccount_user_permissions; Type: TABLE; Schema: public; Owner: postgres
--

CREATE TABLE public.app_accounts_useraccount_user_permissions (
    id bigint NOT NULL,
    useraccount_id bigint NOT NULL,
    permission_id integer NOT NULL
);


ALTER TABLE public.app_accounts_useraccount_user_permissions OWNER TO postgres;

--
-- Name: app_accounts_useraccount_user_permissions_id_seq; Type: SEQUENCE; Schema: public; Owner: postgres
--

ALTER TABLE public.app_accounts_useraccount_user_permissions ALTER COLUMN id ADD GENERATED BY DEFAULT AS IDENTITY (
    SEQUENCE NAME public.app_accounts_useraccount_user_permissions_id_seq
    START WITH 1
    INCREMENT BY 1
    NO MINVALUE
    NO MAXVALUE
    CACHE 1
);


--
-- Name: app_audit_audit; Type: TABLE; Schema: public; Owner: postgres
--

CREATE TABLE public.app_audit_audit (
    id bigint NOT NULL,
    time_created timestamp with time zone NOT NULL,
    "user" character varying(255) NOT NULL,
    action character varying(255) NOT NULL
);


ALTER TABLE public.app_audit_audit OWNER TO postgres;

--
-- Name: app_audit_audit_id_seq; Type: SEQUENCE; Schema: public; Owner: postgres
--

ALTER TABLE public.app_audit_audit ALTER COLUMN id ADD GENERATED BY DEFAULT AS IDENTITY (
    SEQUENCE NAME public.app_audit_audit_id_seq
    START WITH 1
    INCREMENT BY 1
    NO MINVALUE
    NO MAXVALUE
    CACHE 1
);


--
-- Name: app_calendar_calendarevent; Type: TABLE; Schema: public; Owner: postgres
--

CREATE TABLE public.app_calendar_calendarevent (
    id integer NOT NULL,
    title character varying(255) NOT NULL,
    date date NOT NULL
);


ALTER TABLE public.app_calendar_calendarevent OWNER TO postgres;

--
-- Name: app_calendar_calendarevent_id_seq; Type: SEQUENCE; Schema: public; Owner: postgres
--

ALTER TABLE public.app_calendar_calendarevent ALTER COLUMN id ADD GENERATED BY DEFAULT AS IDENTITY (
    SEQUENCE NAME public.app_calendar_calendarevent_id_seq
    START WITH 1
    INCREMENT BY 1
    NO MINVALUE
    NO MAXVALUE
    CACHE 1
);


--
-- Name: app_form_childhealthinfo; Type: TABLE; Schema: public; Owner: postgres
--

CREATE TABLE public.app_form_childhealthinfo (
    "childHealth_id" integer NOT NULL,
    dow date,
    weight double precision NOT NULL,
    height double precision NOT NULL,
    muac double precision NOT NULL,
    bpe character varying(10) NOT NULL,
    disability character varying(50) NOT NULL,
    quarter character varying(20) NOT NULL,
    year integer,
    "getYear" integer,
    child_id integer NOT NULL,
    deworming character varying(10) NOT NULL,
    "lengthForAge" character varying(50) NOT NULL,
    vac character varying(10) NOT NULL,
    "weightForAge" character varying(50) NOT NULL,
    "weightForLength" character varying(50) NOT NULL
);


ALTER TABLE public.app_form_childhealthinfo OWNER TO postgres;

--
-- Name: app_form_childhealthinfo_childHealth_id_seq; Type: SEQUENCE; Schema: public; Owner: postgres
--

ALTER TABLE public.app_form_childhealthinfo ALTER COLUMN "childHealth_id" ADD GENERATED BY DEFAULT AS IDENTITY (
    SEQUENCE NAME public."app_form_childhealthinfo_childHealth_id_seq"
    START WITH 1
    INCREMENT BY 1
    NO MINVALUE
    NO MAXVALUE
    CACHE 1
);


--
-- Name: app_form_duplicatechild; Type: TABLE; Schema: public; Owner: postgres
--

CREATE TABLE public.app_form_duplicatechild (
    id integer NOT NULL,
    full_name character varying(255) NOT NULL,
    first_barangay character varying(255) NOT NULL,
    second_barangay character varying(255) NOT NULL,
    "isDuplicate" boolean NOT NULL
);


ALTER TABLE public.app_form_duplicatechild OWNER TO postgres;

--
-- Name: app_form_duplicatechild_id_seq; Type: SEQUENCE; Schema: public; Owner: postgres
--

ALTER TABLE public.app_form_duplicatechild ALTER COLUMN id ADD GENERATED BY DEFAULT AS IDENTITY (
    SEQUENCE NAME public.app_form_duplicatechild_id_seq
    START WITH 1
    INCREMENT BY 1
    NO MINVALUE
    NO MAXVALUE
    CACHE 1
);


--
-- Name: app_form_primarychild; Type: TABLE; Schema: public; Owner: postgres
--

CREATE TABLE public.app_form_primarychild (
    id integer NOT NULL,
    "fullName" character varying(255) NOT NULL,
    address character varying(255) NOT NULL,
    pt character varying(30) NOT NULL,
    gender character varying(100) NOT NULL,
    birthdate date,
    aim integer NOT NULL,
    "parentName" character varying(255) NOT NULL,
    occupation character varying(255) NOT NULL,
    relationship character varying(200) NOT NULL,
    ethnicity character varying(200) NOT NULL,
    barangay character varying(200) NOT NULL,
    archive boolean NOT NULL
);


ALTER TABLE public.app_form_primarychild OWNER TO postgres;

--
-- Name: app_form_primarychild_id_seq; Type: SEQUENCE; Schema: public; Owner: postgres
--

ALTER TABLE public.app_form_primarychild ALTER COLUMN id ADD GENERATED BY DEFAULT AS IDENTITY (
    SEQUENCE NAME public.app_form_primarychild_id_seq
    START WITH 1
    INCREMENT BY 1
    NO MINVALUE
    NO MAXVALUE
    CACHE 1
);


--
-- Name: auth_group; Type: TABLE; Schema: public; Owner: postgres
--

CREATE TABLE public.auth_group (
    id integer NOT NULL,
    name character varying(150) NOT NULL
);


ALTER TABLE public.auth_group OWNER TO postgres;

--
-- Name: auth_group_id_seq; Type: SEQUENCE; Schema: public; Owner: postgres
--

ALTER TABLE public.auth_group ALTER COLUMN id ADD GENERATED BY DEFAULT AS IDENTITY (
    SEQUENCE NAME public.auth_group_id_seq
    START WITH 1
    INCREMENT BY 1
    NO MINVALUE
    NO MAXVALUE
    CACHE 1
);


--
-- Name: auth_group_permissions; Type: TABLE; Schema: public; Owner: postgres
--

CREATE TABLE public.auth_group_permissions (
    id bigint NOT NULL,
    group_id integer NOT NULL,
    permission_id integer NOT NULL
);


ALTER TABLE public.auth_group_permissions OWNER TO postgres;

--
-- Name: auth_group_permissions_id_seq; Type: SEQUENCE; Schema: public; Owner: postgres
--

ALTER TABLE public.auth_group_permissions ALTER COLUMN id ADD GENERATED BY DEFAULT AS IDENTITY (
    SEQUENCE NAME public.auth_group_permissions_id_seq
    START WITH 1
    INCREMENT BY 1
    NO MINVALUE
    NO MAXVALUE
    CACHE 1
);


--
-- Name: auth_permission; Type: TABLE; Schema: public; Owner: postgres
--

CREATE TABLE public.auth_permission (
    id integer NOT NULL,
    name character varying(255) NOT NULL,
    content_type_id integer NOT NULL,
    codename character varying(100) NOT NULL
);


ALTER TABLE public.auth_permission OWNER TO postgres;

--
-- Name: auth_permission_id_seq; Type: SEQUENCE; Schema: public; Owner: postgres
--

ALTER TABLE public.auth_permission ALTER COLUMN id ADD GENERATED BY DEFAULT AS IDENTITY (
    SEQUENCE NAME public.auth_permission_id_seq
    START WITH 1
    INCREMENT BY 1
    NO MINVALUE
    NO MAXVALUE
    CACHE 1
);


--
-- Name: django_admin_log; Type: TABLE; Schema: public; Owner: postgres
--

CREATE TABLE public.django_admin_log (
    id integer NOT NULL,
    action_time timestamp with time zone NOT NULL,
    object_id text,
    object_repr character varying(200) NOT NULL,
    action_flag smallint NOT NULL,
    change_message text NOT NULL,
    content_type_id integer,
    user_id bigint NOT NULL,
    CONSTRAINT django_admin_log_action_flag_check CHECK ((action_flag >= 0))
);


ALTER TABLE public.django_admin_log OWNER TO postgres;

--
-- Name: django_admin_log_id_seq; Type: SEQUENCE; Schema: public; Owner: postgres
--

ALTER TABLE public.django_admin_log ALTER COLUMN id ADD GENERATED BY DEFAULT AS IDENTITY (
    SEQUENCE NAME public.django_admin_log_id_seq
    START WITH 1
    INCREMENT BY 1
    NO MINVALUE
    NO MAXVALUE
    CACHE 1
);


--
-- Name: django_content_type; Type: TABLE; Schema: public; Owner: postgres
--

CREATE TABLE public.django_content_type (
    id integer NOT NULL,
    app_label character varying(100) NOT NULL,
    model character varying(100) NOT NULL
);


ALTER TABLE public.django_content_type OWNER TO postgres;

--
-- Name: django_content_type_id_seq; Type: SEQUENCE; Schema: public; Owner: postgres
--

ALTER TABLE public.django_content_type ALTER COLUMN id ADD GENERATED BY DEFAULT AS IDENTITY (
    SEQUENCE NAME public.django_content_type_id_seq
    START WITH 1
    INCREMENT BY 1
    NO MINVALUE
    NO MAXVALUE
    CACHE 1
);


--
-- Name: django_migrations; Type: TABLE; Schema: public; Owner: postgres
--

CREATE TABLE public.django_migrations (
    id bigint NOT NULL,
    app character varying(255) NOT NULL,
    name character varying(255) NOT NULL,
    applied timestamp with time zone NOT NULL
);


ALTER TABLE public.django_migrations OWNER TO postgres;

--
-- Name: django_migrations_id_seq; Type: SEQUENCE; Schema: public; Owner: postgres
--

ALTER TABLE public.django_migrations ALTER COLUMN id ADD GENERATED BY DEFAULT AS IDENTITY (
    SEQUENCE NAME public.django_migrations_id_seq
    START WITH 1
    INCREMENT BY 1
    NO MINVALUE
    NO MAXVALUE
    CACHE 1
);


--
-- Name: django_session; Type: TABLE; Schema: public; Owner: postgres
--

CREATE TABLE public.django_session (
    session_key character varying(40) NOT NULL,
    session_data text NOT NULL,
    expire_date timestamp with time zone NOT NULL
);


ALTER TABLE public.django_session OWNER TO postgres;

--
-- Data for Name: app_accounts_useraccount; Type: TABLE DATA; Schema: public; Owner: postgres
--

COPY public.app_accounts_useraccount (id, password, last_login, is_superuser, email, first_name, last_name, barangay, phone_number, job_description, is_active, is_staff, is_admin, is_approved, is_disabled) FROM stdin;
1	pbkdf2_sha256$600000$16wg7fkkLzSJD9OZVdAgFl$2JHVclzKE/LjEFXcqLfN21MWPh+tY/UIJrKKFRpjw50=	\N	t	admin@gmail.com	admin	admin	admin	admin	admin	t	t	t	f	f
\.


--
-- Data for Name: app_accounts_useraccount_groups; Type: TABLE DATA; Schema: public; Owner: postgres
--

COPY public.app_accounts_useraccount_groups (id, useraccount_id, group_id) FROM stdin;
\.


--
-- Data for Name: app_accounts_useraccount_user_permissions; Type: TABLE DATA; Schema: public; Owner: postgres
--

COPY public.app_accounts_useraccount_user_permissions (id, useraccount_id, permission_id) FROM stdin;
\.


--
-- Data for Name: app_audit_audit; Type: TABLE DATA; Schema: public; Owner: postgres
--

COPY public.app_audit_audit (id, time_created, "user", action) FROM stdin;
1	2023-12-03 16:34:20.496747+08	admin admin	Create a new Data using forms
2	2023-12-03 16:34:38.280816+08	admin admin	Updated a Child Data
3	2023-12-03 16:36:14.80064+08	admin admin	Updated a Child Data
4	2023-12-03 16:36:20.939647+08	admin admin	Updated a Child Data
5	2023-12-03 16:36:27.196783+08	admin admin	Updated a Child Data
6	2023-12-03 16:36:34.954987+08	admin admin	Updated a Child Data
7	2023-12-03 16:36:45.49612+08	admin admin	Updated a Child Data
8	2023-12-03 16:36:56.332909+08	admin admin	Updated a Child Data
9	2023-12-03 16:37:06.235934+08	admin admin	Updated a Child Data
10	2023-12-03 16:37:18.717805+08	admin admin	Updated a Child Data
11	2023-12-03 17:44:06.952255+08	admin admin	Updated a Child Data
12	2023-12-03 17:44:18.570874+08	admin admin	Deleted a Data in the Database
13	2023-12-03 17:44:53.610543+08	admin admin	Create a new Data using forms
14	2023-12-03 17:46:08.324363+08	admin admin	Updated a Child Data
15	2023-12-03 17:46:36.608774+08	admin admin	Updated a Child Data
16	2023-12-03 17:47:41.382068+08	admin admin	Updated a Child Data
17	2023-12-03 17:47:52.64669+08	admin admin	Updated a Child Data
18	2023-12-03 17:54:12.070072+08	admin admin	Updated a Child Data
19	2023-12-03 18:35:00.323761+08	admin admin	Deleted a Data in the Database
20	2023-12-03 18:35:43.457299+08	admin admin	Create a new Data using forms
21	2023-12-03 18:37:37.992347+08	admin admin	Updated a Child Data
22	2023-12-03 18:38:44.14623+08	admin admin	Deleted a Data in the Database
23	2023-12-03 18:39:12.362383+08	admin admin	Create a new Data using forms
24	2023-12-03 18:39:55.851305+08	admin admin	Updated a Child Data
25	2023-12-03 18:40:04.731428+08	admin admin	Updated a Child Data
26	2023-12-03 18:40:08.673881+08	admin admin	Updated a Child Data
27	2023-12-03 18:40:55.000437+08	admin admin	Updated a Child Data
28	2023-12-03 18:40:58.495429+08	admin admin	Updated a Child Data
29	2023-12-03 18:41:36.037457+08	admin admin	Updated a Child Data
30	2023-12-03 18:41:38.693596+08	admin admin	Updated a Child Data
31	2023-12-03 18:42:51.465438+08	admin admin	Updated a Child Data
32	2023-12-03 18:42:52.846481+08	admin admin	Updated a Child Data
33	2023-12-03 18:42:57.668847+08	admin admin	Updated a Child Data
34	2023-12-03 18:57:58.814257+08	admin admin	Imported An Excel File
35	2023-12-03 21:37:46.26977+08	admin admin	Create a new Data using forms
36	2023-12-03 21:40:14.14583+08	admin admin	Updated a Child Data
37	2023-12-03 23:47:36.549106+08	admin admin	Deleted a Data in the Database
38	2023-12-03 23:48:00.233208+08	admin admin	Create a new Data using forms
39	2023-12-03 23:50:20.611615+08	admin admin	Updated a Child Data
40	2023-12-03 23:50:24.772768+08	admin admin	Updated a Child Data
41	2023-12-04 22:42:19.971349+08	admin admin	Create a new Data using forms
42	2023-12-04 23:08:34.004155+08	admin admin	Create a new Data using forms
43	2023-12-05 00:02:46.545916+08	admin admin	Create a new Data using forms
44	2023-12-05 00:36:02.024245+08	admin admin	Create a new Data using forms
\.


--
-- Data for Name: app_calendar_calendarevent; Type: TABLE DATA; Schema: public; Owner: postgres
--

COPY public.app_calendar_calendarevent (id, title, date) FROM stdin;
\.


--
-- Data for Name: app_form_childhealthinfo; Type: TABLE DATA; Schema: public; Owner: postgres
--

COPY public.app_form_childhealthinfo ("childHealth_id", dow, weight, height, muac, bpe, disability, quarter, year, "getYear", child_id, deworming, "lengthForAge", vac, "weightForAge", "weightForLength") FROM stdin;
1	2023-12-05	23	12	23	No	None	4th Quarter	2023	2023	1	No	Severely Stunted	No	Overweight	Height not found
\.


--
-- Data for Name: app_form_duplicatechild; Type: TABLE DATA; Schema: public; Owner: postgres
--

COPY public.app_form_duplicatechild (id, full_name, first_barangay, second_barangay, "isDuplicate") FROM stdin;
812	DALIGIS, MATHEA ALESSANDRA	Durant, Kebin	Balili	t
813	RAMOS, KAREN	Durant, Kebin	Balili	t
814	RAMOS, KAREN	Durant, Kebin	Balili	t
815	DALIGIS, MATHEA ALESSANDRA	Durant, Kebin	Balili	t
816	RAMOS, KAREN	REYES, CANDACE	Balili	f
817	DALIGIS, MATHEA ALESSANDRA	REYES, CANDACE	Balili	f
\.


--
-- Data for Name: app_form_primarychild; Type: TABLE DATA; Schema: public; Owner: postgres
--

COPY public.app_form_primarychild (id, "fullName", address, pt, gender, birthdate, aim, "parentName", occupation, relationship, ethnicity, barangay, archive) FROM stdin;
1	Durant, Kebin	123	Permanent	Male	2023-12-01	0	Nigel	asd	Not specified	asd	Balili	f
\.


--
-- Data for Name: auth_group; Type: TABLE DATA; Schema: public; Owner: postgres
--

COPY public.auth_group (id, name) FROM stdin;
\.


--
-- Data for Name: auth_group_permissions; Type: TABLE DATA; Schema: public; Owner: postgres
--

COPY public.auth_group_permissions (id, group_id, permission_id) FROM stdin;
\.


--
-- Data for Name: auth_permission; Type: TABLE DATA; Schema: public; Owner: postgres
--

COPY public.auth_permission (id, name, content_type_id, codename) FROM stdin;
1	Can add log entry	1	add_logentry
2	Can change log entry	1	change_logentry
3	Can delete log entry	1	delete_logentry
4	Can view log entry	1	view_logentry
5	Can add permission	2	add_permission
6	Can change permission	2	change_permission
7	Can delete permission	2	delete_permission
8	Can view permission	2	view_permission
9	Can add group	3	add_group
10	Can change group	3	change_group
11	Can delete group	3	delete_group
12	Can view group	3	view_group
13	Can add content type	4	add_contenttype
14	Can change content type	4	change_contenttype
15	Can delete content type	4	delete_contenttype
16	Can view content type	4	view_contenttype
17	Can add session	5	add_session
18	Can change session	5	change_session
19	Can delete session	5	delete_session
20	Can view session	5	view_session
21	Can add duplicate child	6	add_duplicatechild
22	Can change duplicate child	6	change_duplicatechild
23	Can delete duplicate child	6	delete_duplicatechild
24	Can view duplicate child	6	view_duplicatechild
25	Can add primary child	7	add_primarychild
26	Can change primary child	7	change_primarychild
27	Can delete primary child	7	delete_primarychild
28	Can view primary child	7	view_primarychild
29	Can add child health info	8	add_childhealthinfo
30	Can change child health info	8	change_childhealthinfo
31	Can delete child health info	8	delete_childhealthinfo
32	Can view child health info	8	view_childhealthinfo
33	Can add user account	9	add_useraccount
34	Can change user account	9	change_useraccount
35	Can delete user account	9	delete_useraccount
36	Can view user account	9	view_useraccount
37	Can add calendar event	10	add_calendarevent
38	Can change calendar event	10	change_calendarevent
39	Can delete calendar event	10	delete_calendarevent
40	Can view calendar event	10	view_calendarevent
41	Can add audit	11	add_audit
42	Can change audit	11	change_audit
43	Can delete audit	11	delete_audit
44	Can view audit	11	view_audit
\.


--
-- Data for Name: django_admin_log; Type: TABLE DATA; Schema: public; Owner: postgres
--

COPY public.django_admin_log (id, action_time, object_id, object_repr, action_flag, change_message, content_type_id, user_id) FROM stdin;
\.


--
-- Data for Name: django_content_type; Type: TABLE DATA; Schema: public; Owner: postgres
--

COPY public.django_content_type (id, app_label, model) FROM stdin;
1	admin	logentry
2	auth	permission
3	auth	group
4	contenttypes	contenttype
5	sessions	session
6	app_form	duplicatechild
7	app_form	primarychild
8	app_form	childhealthinfo
9	app_accounts	useraccount
10	app_calendar	calendarevent
11	app_audit	audit
\.


--
-- Data for Name: django_migrations; Type: TABLE DATA; Schema: public; Owner: postgres
--

COPY public.django_migrations (id, app, name, applied) FROM stdin;
1	contenttypes	0001_initial	2023-11-22 19:59:33.240166+08
2	contenttypes	0002_remove_content_type_name	2023-11-22 19:59:33.246168+08
3	auth	0001_initial	2023-11-22 19:59:33.274179+08
4	auth	0002_alter_permission_name_max_length	2023-11-22 19:59:33.278181+08
5	auth	0003_alter_user_email_max_length	2023-11-22 19:59:33.281182+08
6	auth	0004_alter_user_username_opts	2023-11-22 19:59:33.284182+08
7	auth	0005_alter_user_last_login_null	2023-11-22 19:59:33.286183+08
8	auth	0006_require_contenttypes_0002	2023-11-22 19:59:33.288183+08
9	auth	0007_alter_validators_add_error_messages	2023-11-22 19:59:33.290184+08
10	auth	0008_alter_user_username_max_length	2023-11-22 19:59:33.293184+08
11	auth	0009_alter_user_last_name_max_length	2023-11-22 19:59:33.296185+08
12	auth	0010_alter_group_name_max_length	2023-11-22 19:59:33.300186+08
13	auth	0011_update_proxy_permissions	2023-11-22 19:59:33.303187+08
14	auth	0012_alter_user_first_name_max_length	2023-11-22 19:59:33.306187+08
15	app_accounts	0001_initial	2023-11-22 19:59:33.334196+08
16	admin	0001_initial	2023-11-22 19:59:33.347692+08
17	admin	0002_logentry_remove_auto_add	2023-11-22 19:59:33.352695+08
18	admin	0003_logentry_add_action_flag_choices	2023-11-22 19:59:33.356695+08
19	app_calendar	0001_initial	2023-11-22 19:59:33.360696+08
20	app_form	0001_initial	2023-11-22 19:59:33.377167+08
21	app_form	0002_primarychild_archive_primarychild_customethnicity	2023-11-22 19:59:33.383209+08
22	app_form	0003_alter_primarychild_gender_alter_primarychild_pt	2023-11-22 19:59:33.38721+08
23	sessions	0001_initial	2023-11-22 19:59:33.396582+08
24	app_form	0004_remove_childhealthinfo_deworming1_and_more	2023-11-22 20:04:02.729087+08
25	app_form	0005_alter_childhealthinfo_disability	2023-11-22 20:46:15.759724+08
26	app_form	0005_alter_primarychild_gender	2023-11-23 20:01:41.655726+08
27	app_form	0006_merge_20231123_1228	2023-11-23 20:01:41.657726+08
28	app_form	0007_alter_primarychild_gender	2023-11-23 20:01:41.659727+08
29	app_form	0008_duplicatechild_isduplicate	2023-11-27 19:02:28.603275+08
30	app_accounts	0002_alter_useraccount_is_active_and_more	2023-12-03 11:06:14.09397+08
31	app_accounts	0003_alter_useraccount_is_active	2023-12-03 11:06:14.104007+08
32	app_audit	0001_initial	2023-12-03 11:06:14.126012+08
\.


--
-- Data for Name: django_session; Type: TABLE DATA; Schema: public; Owner: postgres
--

COPY public.django_session (session_key, session_data, expire_date) FROM stdin;
\.


--
-- Name: app_accounts_useraccount_groups_id_seq; Type: SEQUENCE SET; Schema: public; Owner: postgres
--

SELECT pg_catalog.setval('public.app_accounts_useraccount_groups_id_seq', 1, false);


--
-- Name: app_accounts_useraccount_id_seq; Type: SEQUENCE SET; Schema: public; Owner: postgres
--

SELECT pg_catalog.setval('public.app_accounts_useraccount_id_seq', 1, true);


--
-- Name: app_accounts_useraccount_user_permissions_id_seq; Type: SEQUENCE SET; Schema: public; Owner: postgres
--

SELECT pg_catalog.setval('public.app_accounts_useraccount_user_permissions_id_seq', 1, false);


--
-- Name: app_audit_audit_id_seq; Type: SEQUENCE SET; Schema: public; Owner: postgres
--

SELECT pg_catalog.setval('public.app_audit_audit_id_seq', 44, true);


--
-- Name: app_calendar_calendarevent_id_seq; Type: SEQUENCE SET; Schema: public; Owner: postgres
--

SELECT pg_catalog.setval('public.app_calendar_calendarevent_id_seq', 1, false);


--
-- Name: app_form_childhealthinfo_childHealth_id_seq; Type: SEQUENCE SET; Schema: public; Owner: postgres
--

SELECT pg_catalog.setval('public."app_form_childhealthinfo_childHealth_id_seq"', 1, true);


--
-- Name: app_form_duplicatechild_id_seq; Type: SEQUENCE SET; Schema: public; Owner: postgres
--

SELECT pg_catalog.setval('public.app_form_duplicatechild_id_seq', 817, true);


--
-- Name: app_form_primarychild_id_seq; Type: SEQUENCE SET; Schema: public; Owner: postgres
--

SELECT pg_catalog.setval('public.app_form_primarychild_id_seq', 1, true);


--
-- Name: auth_group_id_seq; Type: SEQUENCE SET; Schema: public; Owner: postgres
--

SELECT pg_catalog.setval('public.auth_group_id_seq', 1, false);


--
-- Name: auth_group_permissions_id_seq; Type: SEQUENCE SET; Schema: public; Owner: postgres
--

SELECT pg_catalog.setval('public.auth_group_permissions_id_seq', 1, false);


--
-- Name: auth_permission_id_seq; Type: SEQUENCE SET; Schema: public; Owner: postgres
--

SELECT pg_catalog.setval('public.auth_permission_id_seq', 44, true);


--
-- Name: django_admin_log_id_seq; Type: SEQUENCE SET; Schema: public; Owner: postgres
--

SELECT pg_catalog.setval('public.django_admin_log_id_seq', 1, false);


--
-- Name: django_content_type_id_seq; Type: SEQUENCE SET; Schema: public; Owner: postgres
--

SELECT pg_catalog.setval('public.django_content_type_id_seq', 11, true);


--
-- Name: django_migrations_id_seq; Type: SEQUENCE SET; Schema: public; Owner: postgres
--

SELECT pg_catalog.setval('public.django_migrations_id_seq', 32, true);


--
-- Name: app_accounts_useraccount app_accounts_useraccount_email_key; Type: CONSTRAINT; Schema: public; Owner: postgres
--

ALTER TABLE ONLY public.app_accounts_useraccount
    ADD CONSTRAINT app_accounts_useraccount_email_key UNIQUE (email);


--
-- Name: app_accounts_useraccount_groups app_accounts_useraccount_groups_pkey; Type: CONSTRAINT; Schema: public; Owner: postgres
--

ALTER TABLE ONLY public.app_accounts_useraccount_groups
    ADD CONSTRAINT app_accounts_useraccount_groups_pkey PRIMARY KEY (id);


--
-- Name: app_accounts_useraccount app_accounts_useraccount_pkey; Type: CONSTRAINT; Schema: public; Owner: postgres
--

ALTER TABLE ONLY public.app_accounts_useraccount
    ADD CONSTRAINT app_accounts_useraccount_pkey PRIMARY KEY (id);


--
-- Name: app_accounts_useraccount_user_permissions app_accounts_useraccount_user_permissions_pkey; Type: CONSTRAINT; Schema: public; Owner: postgres
--

ALTER TABLE ONLY public.app_accounts_useraccount_user_permissions
    ADD CONSTRAINT app_accounts_useraccount_user_permissions_pkey PRIMARY KEY (id);


--
-- Name: app_accounts_useraccount_groups app_accounts_useraccount_useraccount_id_group_id_abcebc15_uniq; Type: CONSTRAINT; Schema: public; Owner: postgres
--

ALTER TABLE ONLY public.app_accounts_useraccount_groups
    ADD CONSTRAINT app_accounts_useraccount_useraccount_id_group_id_abcebc15_uniq UNIQUE (useraccount_id, group_id);


--
-- Name: app_accounts_useraccount_user_permissions app_accounts_useraccount_useraccount_id_permissio_1aff6097_uniq; Type: CONSTRAINT; Schema: public; Owner: postgres
--

ALTER TABLE ONLY public.app_accounts_useraccount_user_permissions
    ADD CONSTRAINT app_accounts_useraccount_useraccount_id_permissio_1aff6097_uniq UNIQUE (useraccount_id, permission_id);


--
-- Name: app_audit_audit app_audit_audit_pkey; Type: CONSTRAINT; Schema: public; Owner: postgres
--

ALTER TABLE ONLY public.app_audit_audit
    ADD CONSTRAINT app_audit_audit_pkey PRIMARY KEY (id);


--
-- Name: app_calendar_calendarevent app_calendar_calendarevent_pkey; Type: CONSTRAINT; Schema: public; Owner: postgres
--

ALTER TABLE ONLY public.app_calendar_calendarevent
    ADD CONSTRAINT app_calendar_calendarevent_pkey PRIMARY KEY (id);


--
-- Name: app_form_duplicatechild app_form_duplicatechild_pkey; Type: CONSTRAINT; Schema: public; Owner: postgres
--

ALTER TABLE ONLY public.app_form_duplicatechild
    ADD CONSTRAINT app_form_duplicatechild_pkey PRIMARY KEY (id);


--
-- Name: app_form_primarychild app_form_primarychild_pkey; Type: CONSTRAINT; Schema: public; Owner: postgres
--

ALTER TABLE ONLY public.app_form_primarychild
    ADD CONSTRAINT app_form_primarychild_pkey PRIMARY KEY (id);


--
-- Name: auth_group auth_group_name_key; Type: CONSTRAINT; Schema: public; Owner: postgres
--

ALTER TABLE ONLY public.auth_group
    ADD CONSTRAINT auth_group_name_key UNIQUE (name);


--
-- Name: auth_group_permissions auth_group_permissions_group_id_permission_id_0cd325b0_uniq; Type: CONSTRAINT; Schema: public; Owner: postgres
--

ALTER TABLE ONLY public.auth_group_permissions
    ADD CONSTRAINT auth_group_permissions_group_id_permission_id_0cd325b0_uniq UNIQUE (group_id, permission_id);


--
-- Name: auth_group_permissions auth_group_permissions_pkey; Type: CONSTRAINT; Schema: public; Owner: postgres
--

ALTER TABLE ONLY public.auth_group_permissions
    ADD CONSTRAINT auth_group_permissions_pkey PRIMARY KEY (id);


--
-- Name: auth_group auth_group_pkey; Type: CONSTRAINT; Schema: public; Owner: postgres
--

ALTER TABLE ONLY public.auth_group
    ADD CONSTRAINT auth_group_pkey PRIMARY KEY (id);


--
-- Name: auth_permission auth_permission_content_type_id_codename_01ab375a_uniq; Type: CONSTRAINT; Schema: public; Owner: postgres
--

ALTER TABLE ONLY public.auth_permission
    ADD CONSTRAINT auth_permission_content_type_id_codename_01ab375a_uniq UNIQUE (content_type_id, codename);


--
-- Name: auth_permission auth_permission_pkey; Type: CONSTRAINT; Schema: public; Owner: postgres
--

ALTER TABLE ONLY public.auth_permission
    ADD CONSTRAINT auth_permission_pkey PRIMARY KEY (id);


--
-- Name: django_admin_log django_admin_log_pkey; Type: CONSTRAINT; Schema: public; Owner: postgres
--

ALTER TABLE ONLY public.django_admin_log
    ADD CONSTRAINT django_admin_log_pkey PRIMARY KEY (id);


--
-- Name: django_content_type django_content_type_app_label_model_76bd3d3b_uniq; Type: CONSTRAINT; Schema: public; Owner: postgres
--

ALTER TABLE ONLY public.django_content_type
    ADD CONSTRAINT django_content_type_app_label_model_76bd3d3b_uniq UNIQUE (app_label, model);


--
-- Name: django_content_type django_content_type_pkey; Type: CONSTRAINT; Schema: public; Owner: postgres
--

ALTER TABLE ONLY public.django_content_type
    ADD CONSTRAINT django_content_type_pkey PRIMARY KEY (id);


--
-- Name: django_migrations django_migrations_pkey; Type: CONSTRAINT; Schema: public; Owner: postgres
--

ALTER TABLE ONLY public.django_migrations
    ADD CONSTRAINT django_migrations_pkey PRIMARY KEY (id);


--
-- Name: django_session django_session_pkey; Type: CONSTRAINT; Schema: public; Owner: postgres
--

ALTER TABLE ONLY public.django_session
    ADD CONSTRAINT django_session_pkey PRIMARY KEY (session_key);


--
-- Name: app_accounts_useraccount_email_daafb243_like; Type: INDEX; Schema: public; Owner: postgres
--

CREATE INDEX app_accounts_useraccount_email_daafb243_like ON public.app_accounts_useraccount USING btree (email varchar_pattern_ops);


--
-- Name: app_accounts_useraccount_groups_group_id_deef27bd; Type: INDEX; Schema: public; Owner: postgres
--

CREATE INDEX app_accounts_useraccount_groups_group_id_deef27bd ON public.app_accounts_useraccount_groups USING btree (group_id);


--
-- Name: app_accounts_useraccount_groups_useraccount_id_1b6304c3; Type: INDEX; Schema: public; Owner: postgres
--

CREATE INDEX app_accounts_useraccount_groups_useraccount_id_1b6304c3 ON public.app_accounts_useraccount_groups USING btree (useraccount_id);


--
-- Name: app_accounts_useraccount_u_permission_id_0d0a0118; Type: INDEX; Schema: public; Owner: postgres
--

CREATE INDEX app_accounts_useraccount_u_permission_id_0d0a0118 ON public.app_accounts_useraccount_user_permissions USING btree (permission_id);


--
-- Name: app_accounts_useraccount_u_useraccount_id_fa6270a8; Type: INDEX; Schema: public; Owner: postgres
--

CREATE INDEX app_accounts_useraccount_u_useraccount_id_fa6270a8 ON public.app_accounts_useraccount_user_permissions USING btree (useraccount_id);


--
-- Name: app_form_childhealthinfo_child_id_18442bd3; Type: INDEX; Schema: public; Owner: postgres
--

CREATE INDEX app_form_childhealthinfo_child_id_18442bd3 ON public.app_form_childhealthinfo USING btree (child_id);


--
-- Name: auth_group_name_a6ea08ec_like; Type: INDEX; Schema: public; Owner: postgres
--

CREATE INDEX auth_group_name_a6ea08ec_like ON public.auth_group USING btree (name varchar_pattern_ops);


--
-- Name: auth_group_permissions_group_id_b120cbf9; Type: INDEX; Schema: public; Owner: postgres
--

CREATE INDEX auth_group_permissions_group_id_b120cbf9 ON public.auth_group_permissions USING btree (group_id);


--
-- Name: auth_group_permissions_permission_id_84c5c92e; Type: INDEX; Schema: public; Owner: postgres
--

CREATE INDEX auth_group_permissions_permission_id_84c5c92e ON public.auth_group_permissions USING btree (permission_id);


--
-- Name: auth_permission_content_type_id_2f476e4b; Type: INDEX; Schema: public; Owner: postgres
--

CREATE INDEX auth_permission_content_type_id_2f476e4b ON public.auth_permission USING btree (content_type_id);


--
-- Name: django_admin_log_content_type_id_c4bce8eb; Type: INDEX; Schema: public; Owner: postgres
--

CREATE INDEX django_admin_log_content_type_id_c4bce8eb ON public.django_admin_log USING btree (content_type_id);


--
-- Name: django_admin_log_user_id_c564eba6; Type: INDEX; Schema: public; Owner: postgres
--

CREATE INDEX django_admin_log_user_id_c564eba6 ON public.django_admin_log USING btree (user_id);


--
-- Name: django_session_expire_date_a5c62663; Type: INDEX; Schema: public; Owner: postgres
--

CREATE INDEX django_session_expire_date_a5c62663 ON public.django_session USING btree (expire_date);


--
-- Name: django_session_session_key_c0390e0f_like; Type: INDEX; Schema: public; Owner: postgres
--

CREATE INDEX django_session_session_key_c0390e0f_like ON public.django_session USING btree (session_key varchar_pattern_ops);


--
-- Name: app_accounts_useraccount_groups app_accounts_useracc_group_id_deef27bd_fk_auth_grou; Type: FK CONSTRAINT; Schema: public; Owner: postgres
--

ALTER TABLE ONLY public.app_accounts_useraccount_groups
    ADD CONSTRAINT app_accounts_useracc_group_id_deef27bd_fk_auth_grou FOREIGN KEY (group_id) REFERENCES public.auth_group(id) DEFERRABLE INITIALLY DEFERRED;


--
-- Name: app_accounts_useraccount_user_permissions app_accounts_useracc_permission_id_0d0a0118_fk_auth_perm; Type: FK CONSTRAINT; Schema: public; Owner: postgres
--

ALTER TABLE ONLY public.app_accounts_useraccount_user_permissions
    ADD CONSTRAINT app_accounts_useracc_permission_id_0d0a0118_fk_auth_perm FOREIGN KEY (permission_id) REFERENCES public.auth_permission(id) DEFERRABLE INITIALLY DEFERRED;


--
-- Name: app_accounts_useraccount_groups app_accounts_useracc_useraccount_id_1b6304c3_fk_app_accou; Type: FK CONSTRAINT; Schema: public; Owner: postgres
--

ALTER TABLE ONLY public.app_accounts_useraccount_groups
    ADD CONSTRAINT app_accounts_useracc_useraccount_id_1b6304c3_fk_app_accou FOREIGN KEY (useraccount_id) REFERENCES public.app_accounts_useraccount(id) DEFERRABLE INITIALLY DEFERRED;


--
-- Name: app_accounts_useraccount_user_permissions app_accounts_useracc_useraccount_id_fa6270a8_fk_app_accou; Type: FK CONSTRAINT; Schema: public; Owner: postgres
--

ALTER TABLE ONLY public.app_accounts_useraccount_user_permissions
    ADD CONSTRAINT app_accounts_useracc_useraccount_id_fa6270a8_fk_app_accou FOREIGN KEY (useraccount_id) REFERENCES public.app_accounts_useraccount(id) DEFERRABLE INITIALLY DEFERRED;


--
-- Name: auth_group_permissions auth_group_permissio_permission_id_84c5c92e_fk_auth_perm; Type: FK CONSTRAINT; Schema: public; Owner: postgres
--

ALTER TABLE ONLY public.auth_group_permissions
    ADD CONSTRAINT auth_group_permissio_permission_id_84c5c92e_fk_auth_perm FOREIGN KEY (permission_id) REFERENCES public.auth_permission(id) DEFERRABLE INITIALLY DEFERRED;


--
-- Name: auth_group_permissions auth_group_permissions_group_id_b120cbf9_fk_auth_group_id; Type: FK CONSTRAINT; Schema: public; Owner: postgres
--

ALTER TABLE ONLY public.auth_group_permissions
    ADD CONSTRAINT auth_group_permissions_group_id_b120cbf9_fk_auth_group_id FOREIGN KEY (group_id) REFERENCES public.auth_group(id) DEFERRABLE INITIALLY DEFERRED;


--
-- Name: auth_permission auth_permission_content_type_id_2f476e4b_fk_django_co; Type: FK CONSTRAINT; Schema: public; Owner: postgres
--

ALTER TABLE ONLY public.auth_permission
    ADD CONSTRAINT auth_permission_content_type_id_2f476e4b_fk_django_co FOREIGN KEY (content_type_id) REFERENCES public.django_content_type(id) DEFERRABLE INITIALLY DEFERRED;


--
-- Name: django_admin_log django_admin_log_content_type_id_c4bce8eb_fk_django_co; Type: FK CONSTRAINT; Schema: public; Owner: postgres
--

ALTER TABLE ONLY public.django_admin_log
    ADD CONSTRAINT django_admin_log_content_type_id_c4bce8eb_fk_django_co FOREIGN KEY (content_type_id) REFERENCES public.django_content_type(id) DEFERRABLE INITIALLY DEFERRED;


--
-- Name: django_admin_log django_admin_log_user_id_c564eba6_fk_app_accou; Type: FK CONSTRAINT; Schema: public; Owner: postgres
--

ALTER TABLE ONLY public.django_admin_log
    ADD CONSTRAINT django_admin_log_user_id_c564eba6_fk_app_accou FOREIGN KEY (user_id) REFERENCES public.app_accounts_useraccount(id) DEFERRABLE INITIALLY DEFERRED;


--
-- PostgreSQL database dump complete
--

